Value,EVT_Name
-9999,No Data
0,None
11,Open Water
12,Snow-Ice
13,Developed-Upland Deciduous Forest
14,Developed-Upland Evergreen Forest
15,Developed-Upland Mixed Forest
16,Developed-Upland Herbaceous
17,Developed-Upland Shrubland
18,Developed-Herbaceous Wetland Vegetation
19,Developed-Woody Wetland Vegetation
20,Developed-General
21,Developed-Open Space
22,Developed-Low Intensity
23,Developed-Medium Intensity
24,Developed-High Intensity
25,Developed-Roads
31,Barren
32,Quarries-Strip Mines-Gravel Pits
60,NASS-Orchard
61,NASS-Vineyard
62,NASS-Bush fruit and berries
63,NASS-Row Crop-Close Grown Crop
64,NASS-Row Crop
65,NASS-Close Grown Crop
66,NASS-Fallow/Idle Cropland
67,NASS-Pasture and Hayland
75,Herbaceous Semi-dry
76,Herbaceous Semi-wet
78,Recently Disturbed Forest
80,Agriculture-General
81,Agriculture-Pasture and Hay
82,Agriculture-Cultivated Crops and Irrigated Agriculture
83,Agriculture-Small Grains
84,Agriculture-Fallow
85,Agriculture-Urban and Recreational Grasses
95,Herbaceous Wetlands
200,Unclassified Sparsely Vegetated Systems
201,Unclassified Forest and Woodland
202,Unclassified Shrubland
203,Unclassified Upland Herbaceous
204,Unclassified Savanna
205,Unclassified Shrub-Steppe
206,Unclassified Grassland
207,Unclassified Wetland-Riparian Herbaceous
2001,Inter-Mountain Basins Sparsely Vegetated Systems
2002,Mediterranean California Sparsely Vegetated Systems
2003,North Pacific Sparsely Vegetated Systems
2004,North American Warm Desert Sparsely Vegetated Systems
2005,Pacific Coastal Dunes and Other Sparsely Vegetated Systems
2006,Rocky Mountain Alpine/Montane Sparsely Vegetated Systems
2007,Western Great Plains Sparsely Vegetated Systems
2008,North Pacific Oak Woodland
2009,Northwestern Great Plains Aspen Forest and Parkland
2010,Northern Rocky Mountain Western Larch Savanna
2011,Rocky Mountain Aspen Forest and Woodland
2012,Rocky Mountain Bigtooth Maple Ravine Woodland
2013,Western Great Plains Dry Bur Oak Forest and Woodland
2014,Central and Southern California Mixed Evergreen Woodland
2015,California Coastal Redwood Forest
2016,Colorado Plateau Pinyon-Juniper Woodland
2017,Columbia Plateau Western Juniper Woodland and Savanna
2018,East Cascades Mesic Montane Mixed-Conifer Forest and Woodland
2019,Great Basin Pinyon-Juniper Woodland
2020,Inter-Mountain Basins Subalpine Limber-Bristlecone Pine Woodland
2021,Klamath-Siskiyou Lower Montane Serpentine Mixed Conifer Woodland
2022,Klamath-Siskiyou Upper Montane Serpentine Mixed Conifer Woodland
2023,Madrean Encinal
2024,Madrean Lower Montane Pine-Oak Forest and Woodland
2025,Madrean Pinyon-Juniper Woodland
2026,Madrean Upper Montane Conifer-Oak Forest and Woodland
2027,Mediterranean California Dry-Mesic Mixed Conifer Forest and Woodland
2028,Mediterranean California Mesic Mixed Conifer Forest and Woodland
2029,Mediterranean California Mixed Oak Woodland
2030,Mediterranean California Lower Montane Black Oak-Conifer Forest and Woodland
2031,California Montane Jeffrey Pine(-Ponderosa Pine) Woodland
2032,Mediterranean California Red Fir Forest
2033,Mediterranean California Subalpine Woodland
2034,Mediterranean California Mesic Serpentine Woodland and Chaparral
2035,North Pacific Dry Douglas-fir(-Madrone) Forest and Woodland
2036,North Pacific Hypermaritime Seasonal Sitka Spruce Forest
2037,North Pacific Maritime Dry-Mesic Douglas-fir-Western Hemlock Forest
2038,North Pacific Maritime Mesic Subalpine Parkland
2039,North Pacific Maritime Mesic-Wet Douglas-fir-Western Hemlock Forest
2040,North Pacific Mesic Western Hemlock-Yellow-cedar Forest
2041,North Pacific Mountain Hemlock Forest
2042,North Pacific Mesic Western Hemlock-Silver Fir Forest
2043,Mediterranean California Mixed Evergreen Forest
2044,Northern California Mesic Subalpine Woodland
2045,Northern Rocky Mountain Dry-Mesic Montane Mixed Conifer Forest
2046,Northern Rocky Mountain Subalpine Woodland and Parkland
2047,Northern Rocky Mountain Mesic Montane Mixed Conifer Forest
2048,Northwestern Great Plains Highland White Spruce Woodland
2049,Rocky Mountain Foothill Limber Pine-Juniper Woodland
2050,Rocky Mountain Lodgepole Pine Forest
2051,Southern Rocky Mountain Dry-Mesic Montane Mixed Conifer Forest and Woodland
2052,Southern Rocky Mountain Mesic Montane Mixed Conifer Forest and Woodland
2053,Northern Rocky Mountain Ponderosa Pine Woodland and Savanna
2054,Southern Rocky Mountain Ponderosa Pine Woodland
2055,Rocky Mountain Subalpine Dry-Mesic Spruce-Fir Forest and Woodland
2056,Rocky Mountain Subalpine Mesic-Wet Spruce-Fir Forest and Woodland
2057,Rocky Mountain Subalpine-Montane Limber-Bristlecone Pine Woodland
2058,Sierra Nevada Subalpine Lodgepole Pine Forest and Woodland
2059,Southern Rocky Mountain Pinyon-Juniper Woodland
2060,East Cascades Oak-Ponderosa Pine Forest and Woodland
2061,Inter-Mountain Basins Aspen-Mixed Conifer Forest and Woodland
2062,Inter-Mountain Basins Curl-leaf Mountain Mahogany Woodland and Shrubland
2063,North Pacific Broadleaf Landslide Forest and Shrubland
2064,Colorado Plateau Mixed Low Sagebrush Shrubland
2065,Columbia Plateau Scabland Shrubland
2066,Inter-Mountain Basins Mat Saltbush Shrubland
2067,Mediterranean California Alpine Fell-Field
2068,North Pacific Dry and Mesic Alpine Dwarf-Shrubland or Fell-field or Meadow
2069,North Pacific Mesic Low Shrubland
2070,Rocky Mountain Alpine Dwarf-Shrubland
2071,Sierra Nevada Alpine Dwarf-Shrubland
2072,Wyoming Basins Dwarf Sagebrush Shrubland and Steppe
2073,Baja Semi-Desert Coastal Succulent Scrub
2074,Chihuahuan Creosotebush Desert Scrub
2075,Chihuahuan Mixed Salt Desert Scrub
2076,Chihuahuan Stabilized Coppice Dune and Sand Flat Scrub
2077,Chihuahuan Succulent Desert Scrub
2078,Colorado Plateau Blackbrush-Mormon-tea Shrubland
2079,Great Basin Xeric Mixed Sagebrush Shrubland
2080,Inter-Mountain Basins Big Sagebrush Shrubland
2081,Inter-Mountain Basins Mixed Salt Desert Scrub
2082,Mojave Mid-Elevation Mixed Desert Scrub
2083,North Pacific Avalanche Chute Shrubland
2084,North Pacific Montane Shrubland
2085,Northwestern Great Plains Shrubland
2086,Rocky Mountain Lower Montane-Foothill Shrubland
2087,Sonora-Mojave Creosotebush-White Bursage Desert Scrub
2088,Sonora-Mojave Mixed Salt Desert Scrub
2089,Sonoran Brittlebush-Ironwood Desert Scrub
2090,Sonoran Granite Outcrop Desert Scrub
2091,Sonoran Mid-Elevation Desert Scrub
2092,Southern California Coastal Scrub
2093,Southern Colorado Plateau Sand Shrubland
2094,Western Great Plains Sandhill Steppe
2095,Apacherian-Chihuahuan Mesquite Upland Scrub
2096,California Maritime Chaparral
2097,California Mesic Chaparral
2098,California Montane Woodland and Chaparral
2099,California Xeric Serpentine Chaparral
2100,Chihuahuan Mixed Desert and Thornscrub
2101,Madrean Oriental Chaparral
2102,Colorado Plateau Pinyon-Juniper Shrubland
2103,Great Basin Semi-Desert Chaparral
2104,Mogollon Chaparral
2105,Northern and Central California Dry-Mesic Chaparral
2106,Northern Rocky Mountain Montane-Foothill Deciduous Shrubland
2107,Rocky Mountain Gambel Oak-Mixed Montane Shrubland
2108,Sonora-Mojave Semi-Desert Chaparral
2109,Sonoran Paloverde-Mixed Cacti Desert Scrub
2110,Southern California Dry-Mesic Chaparral
2111,Western Great Plains Mesquite Woodland and Shrubland
2112,California Central Valley Mixed Oak Savanna
2113,California Coastal Live Oak Woodland and Savanna
2114,California Lower Montane Blue Oak-Foothill Pine Woodland and Savanna
2115,Inter-Mountain Basins Juniper Savanna
2116,Madrean Juniper Savanna
2117,Southern Rocky Mountain Ponderosa Pine Savanna
2118,Southern California Oak Woodland and Savanna
2119,Southern Rocky Mountain Juniper Woodland and Savanna
2120,Willamette Valley Upland Prairie and Savanna
2121,Apacherian-Chihuahuan Semi-Desert Grassland and Steppe
2122,Chihuahuan Gypsophilous Grassland and Steppe
2123,Columbia Plateau Steppe and Grassland
2124,Columbia Plateau Low Sagebrush Steppe
2125,Inter-Mountain Basins Big Sagebrush Steppe
2126,Inter-Mountain Basins Montane Sagebrush Steppe
2127,Inter-Mountain Basins Semi-Desert Shrub-Steppe
2128,Northern California Coastal Scrub
2129,California Central Valley and Southern Coastal Grassland
2130,California Mesic Serpentine Grassland
2131,California Northern Coastal Grassland
2132,Central Mixedgrass Prairie
2133,Chihuahuan Sandy Plains Semi-Desert Grassland
2134,Columbia Basin Foothill and Canyon Dry Grassland
2135,Inter-Mountain Basins Semi-Desert Grassland
2136,Mediterranean California Alpine Dry Tundra
2137,Mediterranean California Subalpine Meadow
2138,North Pacific Montane Grassland
2139,Northern Rocky Mountain Lower Montane-Foothill-Valley Grassland
2140,Northern Rocky Mountain Subalpine-Upper Montane Grassland
2141,Northwestern Great Plains Mixedgrass Prairie
2142,Columbia Basin Palouse Prairie
2143,Rocky Mountain Alpine Fell-Field
2144,Rocky Mountain Alpine Turf
2145,Rocky Mountain Subalpine-Montane Mesic Meadow
2146,Southern Rocky Mountain Montane-Subalpine Grassland
2147,Western Great Plains Foothill and Piedmont Grassland
2148,Western Great Plains Sand Prairie
2149,Western Great Plains Shortgrass Prairie
2150,Western Great Plains Tallgrass Prairie
2151,California Central Valley Riparian Woodland and Shrubland
2152,California Montane Riparian Systems
2153,Inter-Mountain Basins Greasewood Flat
2154,Inter-Mountain Basins Montane Riparian Systems
2155,North American Warm Desert Riparian Systems
2156,North Pacific Lowland Riparian Forest and Shrubland
2157,North Pacific Swamp Systems
2158,North Pacific Montane Riparian Woodland and Shrubland
2159,Rocky Mountain Montane Riparian Systems
2160,Rocky Mountain Subalpine/Upper Montane Riparian Systems
2161,Northern Rocky Mountain Conifer Swamp
2162,Western Great Plains Floodplain Systems
2163,Pacific Coastal Marsh Systems
2164,Rocky Mountain Wetland-Herbaceous
2165,Northern Rocky Mountain Foothill Conifer Wooded Steppe
2166,Middle Rocky Mountain Montane Douglas-fir Forest and Woodland
2167,Rocky Mountain Poor-Site Lodgepole Pine Forest
2168,Northern Rocky Mountain Avalanche Chute Shrubland
2169,Northern Rocky Mountain Subalpine Deciduous Shrubland
2170,Klamath-Siskiyou Xeromorphic Serpentine Savanna and Chaparral
2171,North Pacific Alpine and Subalpine Dry Grassland
2172,Sierran-Intermontane Desert Western White Pine-White Fir Woodland
2173,North Pacific Wooded Volcanic Flowage
2174,North Pacific Dry-Mesic Silver Fir-Western Hemlock-Douglas-fir Forest
2175,North Pacific Interior Spruce-Fir Forest and Woodland
2177,California Coastal Closed-Cone Conifer Forest and Woodland
2178,North Pacific Hypermaritime Western Red-cedar-Western Hemlock Forest
2179,Northwestern Great Plains-Black Hills Ponderosa Pine Woodland and Savanna
2180,Introduced Riparian Vegetation
2181,Introduced Upland Vegetation-Annual Grassland
2182,Introduced Upland Vegetation-Perennial Grassland and Forbland
2183,Introduced Upland Vegetation-Annual and Biennial Forbland
2184,California Annual Grassland
2185,Introduced Wetland Vegetation-Mixed
2186,Introduced Upland Vegetation-Shrub
2187,Introduced Upland Vegetation-Treed
2188,Transitional Herbacous Vegetation
2189,Transitional Shrub Vegetation
2190,Cultivated Crops and Irrigated Agriculture
2191,Recently Logged-Herb and Grass Cover
2192,Recently Logged-Shrub Cover
2193,Recently Logged-Tree Cover
2194,Ruderal Upland-Treed
2195,Recently Burned-Herb and Grass Cover
2196,Recently Burned-Shrub Cover
2197,Recently Burned-Tree Cover
2198,Recently Burned Herbaceous Wetlands
2200,Pseudotsuga menziesii-Quercus garryana Woodland Alliance
2201,Quercus garryana Woodland Alliance
2202,Juniperus occidentalis Wooded Herbaceous Alliance
2203,Juniperus occidentalis Woodland Alliance
2204,Tsuga heterophylla Giant Forest Alliance
2205,Tsuga mertensiana-Abies amabilis Woodland Alliance
2206,Pseudotsuga menziesii Giant Forest Alliance
2207,Chamaecyparis nootkatensis Forest Alliance
2208,Abies concolor Forest Alliance
2210,Coleogyne ramosissima Shrubland Alliance
2211,Grayia spinosa Shrubland Alliance
2212,Artemisia filifolia Shrubland Alliance
2213,Quercus havardii Shrubland Alliance
2214,Arctostaphylos patula Shrubland Alliance
2215,Quercus turbinella Shrubland Alliance
2216,Cercocarpus montanus Shrubland Alliance
2217,Quercus gambelii Shrubland Alliance
2218,Purshia tridentata Shrubland Alliance
2219,Artemisia arbuscula ssp. arbuscula Shrubland Alliance
2220,Artemisia tridentata ssp. vaseyana Shrubland Alliance
2221,Yucca glauca Shrub Herbaceous Alliance
2222,Artemisia tridentata ssp. wyomingensis Shrub Herbaceous Alliance
2223,Gutierrezia sarothrae Dwarf-Shrubland Alliance
2224,Elaeagnus angustifolia Semi-Natural Woodland Alliance
2225,Tamarisk spp. Semi-Natural Temporarily Flooded Shrubland Alliance
2226,Bromus spp. Semi-Natural Herbaceous Alliance
2227,Pseudotsuga menziesii Forest Alliance
2228,Larix occidentalis Forest Alliance
2229,Pinus albicaulis Woodland Alliance
2230,Pinus sabiniana Woodland Alliance
2231,Sequoiadendron giganteum Forest Alliance
2232,Abies grandis Forest Alliance
2301,Boreal Aspen-Birch Forest
2302,Laurentian-Acadian Northern Hardwoods Forest
2303,Northeastern Interior Dry-Mesic Oak Forest
2304,Ozark-Ouachita Dry-Mesic Oak Forest
2305,Southern Interior Low Plateau Dry-Mesic Oak Forest
2306,East Gulf Coastal Plain Northern Loess Plain Oak-Hickory Upland
2307,East Gulf Coastal Plain Northern Dry Upland Hardwood Forest
2308,Crosstimbers Oak Forest and Woodland
2309,Southern Appalachian Northern Hardwood Forest
2310,North-Central Interior Dry-Mesic Oak Forest and Woodland
2311,North-Central Interior Dry Oak Forest and Woodland
2312,Ouachita Montane Oak Forest
2313,North-Central Interior Beech-Maple Forest
2314,North-Central Interior Maple-Basswood Forest
2315,Southern Appalachian Oak Forest
2316,Southern Piedmont Mesic Forest
2317,Allegheny-Cumberland Dry Oak Forest and Woodland
2318,Southern and Central Appalachian Cove Forest
2320,Central and Southern Appalachian Montane Oak Forest
2321,South-Central Interior Mesophytic Forest
2322,Crowley's Ridge Mesic Loess Slope Forest
2323,West Gulf Coastal Plain Mesic Hardwood Forest
2324,Northern Atlantic Coastal Plain Hardwood Forest
2325,East Gulf Coastal Plain Northern Mesic Hardwood Slope Forest
2326,South-Central Interior/Upper Coastal Plain Flatwoods
2327,East Gulf Coastal Plain Northern Loess Bluff Forest
2328,Southern Coastal Plain Limestone Forest
2329,East Gulf Coastal Plain Southern Loess Bluff Forest
2330,Southern Coastal Plain Dry Upland Hardwood Forest
2331,Eastern Great Plains Tallgrass Aspen Parkland
2333,South Florida Hardwood Hammock
2334,Ozark-Ouachita Mesic Hardwood Forest
2335,Southern Atlantic Coastal Plain Dry and Dry-Mesic Oak Forest
2336,Southwest Florida Coastal Strand and Maritime Hammock
2337,Southeast Florida Coastal Strand and Maritime Hammock
2338,Central and South Texas Coastal Fringe Forest and Woodland
2339,West Gulf Coastal Plain Chenier and Upper Texas Coastal Fringe Forest and Woodland
2340,Appalachian Shale Barrens
2341,Northwestern Great Plains Canyon
2342,Piedmont Hardpan Woodland and Forest
2343,Southern Atlantic Coastal Plain Mesic Hardwood Forest
2344,Boreal Jack Pine-Black Spruce Forest
2346,Atlantic Coastal Plain Fall-line Sandhills Longleaf Pine Woodland
2347,Atlantic Coastal Plain Upland Longleaf Pine Woodland
2348,West Gulf Coastal Plain Upland Longleaf Pine Forest and Woodland
2349,East Gulf Coastal Plain Interior Upland Longleaf Pine Woodland
2350,Central and Southern Appalachian Spruce-Fir Forest
2351,Southeastern Interior Longleaf Pine Woodland
2352,Southern Appalachian Montane Pine Forest and Woodland
2353,Southern Appalachian Low-Elevation Pine Forest
2354,Northeastern Interior Pine Barrens
2355,Northern Atlantic Coastal Plain Pitch Pine Barrens
2356,Florida Longleaf Pine Sandhill
2357,Southern Coastal Plain Mesic Slope Forest
2358,East-Central Texas Plains Pine Forest and Woodland
2360,South Florida Pine Rockland
2361,Central Atlantic Coastal Plain Maritime Forest
2362,Laurentian-Acadian Northern Pine(-Oak) Forest
2363,Central Interior Highlands Dry Acidic Glade and Barrens
2364,Ozark-Ouachita Dry Oak Woodland
2365,Boreal White Spruce-Fir-Hardwood Forest
2366,Laurentian-Acadian Pine-Hemlock-Hardwood Forest
2367,Ozark-Ouachita Shortleaf Pine-Oak Forest and Woodland
2368,Southern Piedmont Dry Oak(-Pine) Forest
2369,Central Appalachian Dry Oak-Pine Forest
2370,Appalachian (Hemlock-)Northern Hardwood Forest
2371,West Gulf Coastal Plain Pine-Hardwood Forest
2372,East Gulf Coastal Plain Interior Shortleaf Pine-Oak Forest
2373,Acadian Low-Elevation Spruce-Fir-Hardwood Forest
2374,Acadian-Appalachian Montane Spruce-Fir Forest
2375,Eastern Serpentine Woodland
2376,Southern Ridge and Valley/Cumberland Dry Calcareous Forest
2377,Central Appalachian Pine-Oak Rocky Woodland
2378,West Gulf Coastal Plain Sandhill Oak and Shortleaf Pine Forest and Woodland
2379,Northern Atlantic Coastal Plain Maritime Forest
2380,East Gulf Coastal Plain Maritime Forest
2381,Lower Mississippi River Dune Woodland and Forest
2382,Southern Atlantic Coastal Plain Maritime Forest
2383,Edwards Plateau Limestone Savanna and Woodland
2384,Mississippi Delta Maritime Forest
2385,Western Great Plains Wooded Draw and Ravine
2386,Acadian-Appalachian Alpine Tundra
2387,Florida Peninsula Inland Scrub
2389,Acadian-Appalachian Subalpine Woodland and Heath-Krummholz
2390,Tamaulipan Mixed Deciduous Thornscrub
2391,Tamaulipan Mesquite Upland Scrub
2392,Tamaulipan Calcareous Thornscrub
2393,Edwards Plateau Limestone Shrubland
2394,North-Central Interior Oak Savanna
2395,North-Central Oak Barrens
2397,Nashville Basin Limestone Glade and Woodland
2398,Cumberland Sandstone Glade and Barrens
2400,Central Appalachian Alkaline Glade and Woodland
2401,Central Interior Highlands Calcareous Glade and Barrens
2403,West Gulf Coastal Plain Catahoula Barrens
2405,West Gulf Coastal Plain Nepheline Syenite Glade
2407,Laurentian Pine-Oak Barrens
2408,Alabama Ketona Glade and Woodland
2409,Great Lakes Alvar
2410,Llano Uplift Acidic Forest-Woodland-Glade
2411,Great Lakes Wet-Mesic Lakeplain Prairie
2412,North-Central Interior Sand and Gravel Tallgrass Prairie
2413,Bluegrass Savanna and Woodland
2414,Southern Appalachian Grass and Shrub Bald
2415,Arkansas Valley Prairie and Woodland
2416,Western Highland Rim Prairie and Barrens
2417,Eastern Highland Rim Prairie and Barrens
2418,Pennyroyal Karst Plain Prairie and Barrens
2419,Southern Ridge and Valley Patch Prairie
2420,Northern Tallgrass Prairie
2421,Central Tallgrass Prairie
2422,Texas Blackland Tallgrass Prairie
2423,Southeastern Great Plains Tallgrass Prairie
2425,Florida Dry Prairie
2426,Southern Atlantic Coastal Plain Dune and Maritime Grassland
2428,West Gulf Coastal Plain Northern Calcareous Prairie
2429,West Gulf Coastal Plain Southern Calcareous Prairie
2430,Southern Coastal Plain Blackland Prairie and Woodland
2433,East Gulf Coastal Plain Jackson Prairie and Woodland
2434,Texas-Louisiana Coastal Prairie
2435,East Gulf Coastal Plain Dune and Coastal Grassland
2436,Northern Atlantic Coastal Plain Dune and Swale
2437,Central and Upper Texas Coast Dune and Coastal Grassland
2438,Tamaulipan Savanna Grassland
2439,South Texas Lomas
2440,Tamaulipan Clay Grassland
2441,Tamaulipan Tallgrass Grassland
2442,South Texas Sand Sheet Grassland
2443,South Texas Dune and Coastal Grassland
2444,Eastern Boreal Floodplain
2445,South Florida Dwarf Cypress Savanna
2446,South Florida Pine Flatwoods
2447,South Florida Cypress Dome
2449,Central Atlantic Coastal Plain Wet Longleaf Pine Savanna and Flatwoods
2450,Southern Atlantic Coastal Plain Wet Pine Savanna and Flatwoods
2451,West Gulf Coastal Plain Wet Longleaf Pine Savanna and Flatwoods
2452,Atlantic Coastal Plain Peatland Pocosin and Canebrake
2453,Central Florida Pine Flatwoods
2454,East Gulf Coastal Plain Near-Coast Pine Flatwoods
2455,East Gulf Coastal Plain Southern Loblolly-Hardwood Flatwoods
2456,Northern Atlantic Coastal Plain Pitch Pine Lowland
2457,South-Central Interior/Upper Coastal Plain Wet Flatwoods
2458,West Gulf Coastal Plain Pine-Hardwood Flatwoods
2459,Atlantic Coastal Plain Clay-Based Carolina Bay Wetland
2460,Southern Coastal Plain Nonriverine Cypress Dome
2461,Southern Coastal Plain Seepage Swamp and Baygall
2462,West Gulf Coastal Plain Seepage Swamp and Baygall
2466,Great Lakes Wooded Dune and Swale
2467,Tamaulipan Floodplain
2468,Atlantic Coastal Plain Streamhead Seepage Swamp-Pocosin-Baygall
2469,Eastern Great Plains Floodplain Systems
2470,Caribbean Coastal Wetland Systems
2471,Central Interior and Appalachian Floodplain Systems
2472,Central Interior and Appalachian Riparian Systems
2473,Gulf and Atlantic Coastal Plain Floodplain Systems
2474,Gulf and Atlantic Coastal Plain Small Stream Riparian Systems
2475,Laurentian-Acadian Floodplain Systems
2476,Tamaulipan Riparian Systems
2477,Boreal Acidic Peatland Systems
2478,Caribbean Swamp Systems
2479,Central Interior and Appalachian Swamp Systems
2480,Gulf and Atlantic Coastal Plain Swamp Systems
2481,Laurentian-Acadian Alkaline Conifer-Hardwood Swamp
2482,Great Plains Prairie Pothole
2483,South Florida Everglades Sawgrass Marsh
2484,South Florida Wet Marl Prairie
2485,East Gulf Coastal Plain Savanna and Wet Prairie
2486,Texas Saline Coastal Prairie
2488,Eastern Great Plains Wet Meadow-Prairie-Marsh
2489,Floridian Highlands Freshwater Marsh
2490,Gulf and Atlantic Coastal Plain Tidal Marsh Systems
2491,Acadian Salt Marsh and Estuary Systems
2492,Great Lakes Coastal Marsh Systems
2493,Central Interior and Appalachian Shrub-Herbaceous Wetland Systems
2494,Laurentian-Acadian Shrub-Herbaceous Wetland Systems
2495,Western Great Plains Depressional Wetland Systems
2497,Central Interior and Appalachian Sparsely Vegetated Systems
2498,Gulf and Atlantic Coastal Plain Sparsely Vegetated Systems
2499,Laurentian-Acadian Sparsely Vegetated Systems
2501,Southern Atlantic Coastal Plain Nonriverine Swamp and Wet Hardwood Forest
2503,Chihuahuan Loamy Plains Desert Grassland
2504,Chihuahuan-Sonoran Desert Bottomland and Swale Grassland
2506,West Gulf Coastal Plain Nonriverine Wet Hardwood Flatwoods
2507,Ozark-Ouachita Shortleaf Pine-Bluestem Woodland
2509,Mississippi River Alluvial Plain Dry-Mesic Loess Slope Forest
2510,Crowley's Ridge Sand Forest
2513,Lower Mississippi River Flatwoods
2516,Atlantic Coastal Plain Sandhill Seep
2517,Paleozoic Plateau Bluff and Talus
2518,North-Central Interior Wet Flatwoods
2519,East-Central Texas Plains Post Oak Savanna and Woodland
2521,West Gulf Coastal Plain Stream Terrace Sandyland Longleaf Pine Woodland
2522,Northern Atlantic Coastal Plain Heathland and Grassland
2523,Edwards Plateau Dry-Mesic Slope Forest and Woodland
2524,Edwards Plateau Mesic Canyon
2525,Edwards Plateau Riparian
2526,Laurentian-Acadian Swamp Systems
2530,Ruderal Wetland
2531,Ruderal Upland-Old Field
2532,Ruderal Forest-Northern and Central Hardwood and Conifer
2533,Ruderal Forest-Southeast Hardwood and Conifer
2534,Managed Tree Plantation-Northern and Central Hardwood and Conifer Plantation Group
2535,Managed Tree Plantation-Southeast Conifer and Hardwood Plantation Group
2536,Introduced Wetland Vegetation-Tree
2537,Introduced Wetland Vegetation-Shrub
2538,Introduced Wetland Vegetation-Herbaceous
2539,Modified-Managed Northern Tall Grassland
2540,Modified-Managed Southern Tall Grassland
2541,Recently Disturbed Developed Upland Deciduous Forest
2542,Recently Disturbed Developed Upland Evergreen Forest
2543,Recently Disturbed Developed Upland Mixed Forest
2544,Recently Disturbed Developed Upland Herbaceous
2545,Recently Disturbed Developed Upland Shrubland
2546,Recently Disturbed Developed Herbaceous Wetland Vegetation
2547,Recently Disturbed Developed Woody Wetland Vegetation
2548,Recently Disturbed Orchard Vegetation
2549,Recently Disturbed Pasture and Hayland
2550,Pinus taeda Forest Alliance
2551,Pinus elliottii Saturated Temperate Woodland Alliance
2552,Pinus palustris-Pinus elliottii Forest Alliance
2553,Mixed Loblolly-Slash Pine
2554,Norway Spruce Forest
2555,Scotch Pine Forest
2557,Pinus strobus Forest Alliance
2558,Pinus resinosa Forest Alliance
2559,Pinus virginiana Forest Alliance
2560,Pinus banksiana Forest Alliance
2600,Western North American Boreal White Spruce Forest
2601,Western North American Boreal Treeline White Spruce Woodland
2602,Western North American Boreal Spruce-Lichen Woodland
2603,Western North American Boreal White Spruce-Hardwood Forest
2604,Western North American Boreal Mesic Black Spruce Forest
2605,Western North American Boreal Mesic Birch-Aspen Forest
2606,Western North American Boreal Dry Aspen-Steppe Bluff
2607,Western North American Boreal Subalpine Balsam Poplar-Aspen Woodland
2608,Alaska Sub-boreal Avalanche Slope Shrubland
2609,Alaska Sub-boreal Mesic Subalpine Alder Shrubland
2610,Western North American Boreal Mesic Scrub Birch-Willow Shrubland
2611,Western North American Sub-boreal Mesic Bluejoint Meadow
2612,Western North American Boreal Dry Grassland
2613,Western North American Boreal Active Inland Dune
2614,Western North American Boreal Montane Floodplain Forest and Shrubland
2615,Western North American Boreal Lowland Large River Floodplain Forest and Shrubland
2616,Western North American Boreal Riparian Stringer Forest and Shrubland
2617,Western North American Boreal Shrub and Herbaceous Floodplain Wetland
2618,Western North American Boreal Herbaceous Fen
2619,Western North American Boreal Sedge-Dwarf-Shrub Bog
2620,Western North American Boreal Low Shrub Peatland
2621,Western North American Boreal Black Spruce Dwarf-Tree Peatland
2622,Western North American Boreal Black Spruce Wet-Mesic Slope Woodland
2623,Western North American Boreal Black Spruce-Tamarack Fen
2624,Western North American Boreal Deciduous Shrub Swamp
2625,Western North American Boreal Freshwater Emergent Marsh
2626,Western North American Boreal Wet Meadow
2627,Western North American Boreal Freshwater Aquatic Bed
2628,Western North American Boreal Low Shrub-Tussock Tundra
2629,Western North American Boreal Tussock Tundra
2630,Western North American Boreal Wet Black Spruce-Tussock Woodland
2631,Western North American Boreal Alpine Dwarf-Shrub Summit
2632,Western North American Boreal Alpine Talus and Bedrock
2633,Western North American Boreal Alpine Mesic Herbaceous Meadow
2634,Western North American Boreal Alpine Dryas Dwarf-Shrubland
2635,Western North American Boreal Alpine Ericaceous Dwarf-Shrubland
2636,Western North American Boreal Alpine Dwarf-Shrub-Lichen Shrubland
2637,Western North American Boreal Alpine Floodplain
2638,Alaska Arctic Mesic Alder Shrubland
2639,Alaska Arctic Mesic-Wet Willow Shrubland
2640,Aleutian Mesic-Wet Willow Shrubland
2642,Aleutian Kenai Birch-Cottonwood-Poplar Forest
2643,Alaskan Pacific Maritime Alpine Dwarf-Shrubland
2644,Alaskan Pacific Maritime Sitka Spruce Forest
2645,Alaska Sub-boreal and Maritime Alpine Mesic Herbaceous Meadow
2646,Alaskan Pacific Maritime Western Hemlock Forest
2647,Aleutian Shrub-Sedge Peatland
2648,Alaskan Pacific Maritime Mountain Hemlock Forest
2649,Alaskan Pacific Maritime Subalpine Mountain Hemlock Woodland
2650,Alaskan Pacific Maritime Periglacial Woodland and Shrubland
2651,Aleutian Mesic Herbaceous Meadow
2652,Alaskan Pacific Maritime Subalpine Alder-Salmonberry Shrubland
2653,Alaskan Pacific Maritime Mesic Herbaceous Meadow
2654,Alaskan Pacific Maritime Sitka Spruce Beach Ridge
2655,Alaskan Pacific Maritime Floodplain Forest and Shrubland
2656,Alaskan Pacific Maritime Shrub and Herbaceous Floodplain Wetland
2657,Alaskan Pacific Maritime Shore Pine Peatland
2658,Alaskan Pacific Maritime Dwarf-shrub-Sphagnum Peatland
2659,Alaskan Pacific Maritime Mountain Hemlock Peatland
2660,Alaskan Pacific Maritime Wet Low Shrubland
2661,Alaskan Pacific Maritime Fen and Wet Meadow
2662,Temperate Pacific Freshwater Emergent Marsh
2663,North Pacific Shrub Swamp
2664,Temperate Pacific Freshwater Aquatic Bed
2665,Alaskan Pacific Maritime Coastal Meadow and Slough-Levee
2666,Alaskan Pacific Maritime Coastal Dune-Beach and Beach Meadow
2667,Alaskan Pacific Maritime Rocky Coastline
2668,Temperate Pacific Tidal Salt and Brackish Marsh
2669,Temperate Pacific Intertidal Flat
2670,North Pacific Maritime Eelgrass Bed
2671,Aleutian American Dunegrass Grassland
2672,Alaskan Pacific Maritime Subalpine Copperbush Shrubland
2673,Alaskan Pacific Maritime Alpine Wet Meadow
2674,Alaskan Pacific Maritime Alpine Sparse Shrub and Fell-field
2676,Alaskan Pacific Maritime Alpine Floodplain
2677,Alaska Sub-boreal White-Lutz Spruce Forest and Woodland
2678,Alaska Sub-boreal Mountain Hemlock-White Spruce Forest
2679,Alaska Sub-boreal White Spruce-Hardwood Forest
2680,Alaskan Pacific Maritime Avalanche Slope Shrubland
2681,Alaskan Pacific Maritime Poorly Drained Conifer Woodland
2682,Alaska Arctic Scrub Birch-Ericaceous Shrubland
2683,Alaska Arctic Mesic Sedge-Willow Tundra
2684,Alaska Arctic Mesic Sedge-Dryas Tundra
2685,Alaska Arctic Acidic Sparse Tundra
2686,Alaska Arctic Non-Acidic Sparse Tundra
2687,Alaska Arctic Lichen Tundra
2688,Alaska Arctic Acidic Dryas Dwarf-Shrubland
2689,Alaska Arctic Non-Acidic Dryas Dwarf-Shrubland
2690,Alaska Arctic Dwarf-Shrubland
2691,Alaska Arctic Acidic Dwarf-Shrub Lichen Tundra
2692,Alaska Arctic Non-Acidic Dwarf-Shrub Lichen Tundra
2693,Alaska Arctic Shrub-Tussock Tundra
2694,Alaska Arctic Tussock Tundra
2695,Alaska Arctic Tussock-Lichen Tundra
2696,Alaska Arctic Freshwater Aquatic Bed
2697,Alaska Arctic Pendantgrass Freshwater Marsh
2698,Alaska Arctic Wet Sedge Meadow
2699,Alaska Arctic Mesic Herbaceous Meadow
2700,Alaska Arctic Polygonal Ground Mesic Shrub Tundra
2701,Alaska Arctic Coastal Sedge-Dwarf-Shrubland
2702,Alaska Arctic Wet Sedge-Sphagnum Peatland
2703,Alaska Arctic Dwarf-Shrub-Sphagnum Peatland
2704,Alaska Arctic Permafrost Plateau Dwarf-Shrub Lichen Tundra
2705,Alaska Arctic Sedge Freshwater Marsh
2706,Alaska Arctic Polygonal Ground Wet Sedge Tundra
2707,Alaska Arctic Polygonal Ground Tussock Tundra
2708,Alaska Arctic Polygonal Ground Shrub-Tussock Tundra
2709,Alaska Arctic Marine Beach and Beach Meadow
2710,Alaska Arctic Tidal Flat
2711,Alaska Arctic Tidal Marsh
2712,Alaska Arctic Coastal Brackish Meadow
2713,Alaska Arctic Active Inland Dune
2714,Alaska Arctic Large River Floodplain
2715,Alaska Arctic Floodplain
2716,Aleutian Rocky Headland and Sea Cliff
2717,Alaska Arctic Bedrock and Talus
2718,Aleutian Mesic Alder-Salmonberry Shrubland
2719,Aleutian Crowberry-Herbaceous Heath
2720,Aleutian Mixed Dwarf-Shrub-Herbaceous Shrubland
2721,Aleutian Freshwater Aquatic Bed
2722,Aleutian Freshwater Marsh
2723,Aleutian Wet Meadow and Herbaceous Peatland
2724,Aleutian Nonvascular Peatland
2725,Aleutian Marine Beach and Beach Meadow
2726,Aleutian Tidal Marsh
2727,Aleutian Shrub and Herbaceous Meadow Floodplain
2728,Aleutian Floodplain Forest and Shrubland
2729,Aleutian Floodplain Wetland
2730,Aleutian Sparse Heath and Fell-Field
2731,Aleutian Oval-leaf Blueberry Shrubland
2732,Aleutian Volcanic Rock and Talus
2733,North Pacific Montane Massive Bedrock-Cliff and Talus
2734,North Pacific Alpine and Subalpine Bedrock and Scree
2735,North American Glacier and Ice Field
2806,Hawaii Bog
2808,Hawaii Lowland Rainforest
2809,Hawaii Montane Cloud Forest
2810,Hawaii Montane Rainforest
2811,Hawaii Wet Cliff and Ridge Crest Shrubland
2813,Hawaii Lowland Dry Forest
2814,Hawaii Lowland Mesic Forest
2815,Hawaii Montane-Subalpine Dry Forest and Woodland
2816,Hawaii Montane-Subalpine Mesic Forest
2817,Hawaii Lowland Dry Shrubland
2818,Hawaii Lowland Mesic Shrubland
2819,Hawaii Lowland Dry Grassland
2820,Hawaii Lowland Mesic Grassland
2821,Hawaii Montane-Subalpine Dry Shrubland
2822,Hawaii Montane-Subalpine Dry Grassland
2823,Hawaii Montane-Subalpine Mesic Grassland
2824,Hawaii Alpine Dwarf-Shrubland
2825,Hawaii Dry Cliff
2826,Hawaii Dry Coastal Strand
2827,Hawaii Wet-Mesic Coastal Strand
2828,Hawaii Subalpine Mesic Shrubland
2829,Hawaii Alpine Bedrock and Scree
2831,Hawaii Dry-Site Lava Flow
2836,Hawaiian Introduced Wetland Vegetation-Tree
2837,Hawaiian Introduced Wetland Vegetation-Shrub
2838,Hawaiian Introduced Wetland Vegetation-Herbaceous
2845,Hawaiian Introduced Dry Forest
2846,Hawaiian Introduced Wet-Mesic Forest
2847,Hawaiian Introduced Deciduous Shrubland
2848,Hawaiian Introduced Perennial Grassland
2849,Hawaiian Introduced Evergreen Shrubland
2852,Introduced Coastal Wetland Vegetation - Tree
2853,Introduced Coastal Wetland Vegetation - Shrub
2854,Introduced Coastal Wetland Vegetation - Herbaceous
2855,Hawaiian Managed Tree Plantation
